-- phpMyAdmin SQL Dump
-- version 4.7.4
-- https://www.phpmyadmin.net/
--
-- Host: 127.0.0.1:3306
-- Generation Time: Jun 30, 2021 at 12:41 PM
-- Server version: 5.7.19
-- PHP Version: 5.6.31

SET SQL_MODE = "NO_AUTO_VALUE_ON_ZERO";
SET AUTOCOMMIT = 0;
START TRANSACTION;
SET time_zone = "+00:00";


/*!40101 SET @OLD_CHARACTER_SET_CLIENT=@@CHARACTER_SET_CLIENT */;
/*!40101 SET @OLD_CHARACTER_SET_RESULTS=@@CHARACTER_SET_RESULTS */;
/*!40101 SET @OLD_COLLATION_CONNECTION=@@COLLATION_CONNECTION */;
/*!40101 SET NAMES utf8mb4 */;

--
-- Database: `shipment`
--

-- --------------------------------------------------------

--
-- Table structure for table `admin_login_access`
--

DROP TABLE IF EXISTS `admin_login_access`;
CREATE TABLE IF NOT EXISTS `admin_login_access` (
  `id` bigint(14) NOT NULL AUTO_INCREMENT,
  `username` varchar(20) NOT NULL,
  `name` varchar(200) NOT NULL,
  `password` varchar(50) NOT NULL,
  `role` int(1) NOT NULL,
  `status` int(1) NOT NULL,
  `create_user` varchar(20) NOT NULL,
  PRIMARY KEY (`id`),
  UNIQUE KEY `uname` (`username`)
) ENGINE=InnoDB AUTO_INCREMENT=20210108194701 DEFAULT CHARSET=latin1;

--
-- Dumping data for table `admin_login_access`
--

INSERT INTO `admin_login_access` (`id`, `username`, `name`, `password`, `role`, `status`, `create_user`) VALUES
(20210108194700, 'ajr', 'Administrator', 'fe170624f5852b6af7c787c1c707f643', 1, 1, 'admin');

-- --------------------------------------------------------

--
-- Table structure for table `branch_despatch`
--

DROP TABLE IF EXISTS `branch_despatch`;
CREATE TABLE IF NOT EXISTS `branch_despatch` (
  `id` bigint(14) NOT NULL,
  `branch_unload_id` bigint(14) NOT NULL,
  `bilty_no` bigint(10) NOT NULL,
  `booking_code` varchar(100) NOT NULL,
  `content_id` bigint(14) NOT NULL,
  `packet_quantity` int(10) NOT NULL,
  `packet_received` int(10) NOT NULL,
  `weight` float(10,2) NOT NULL,
  `create_user` varchar(20) NOT NULL,
  PRIMARY KEY (`id`)
) ENGINE=InnoDB DEFAULT CHARSET=utf8;

--
-- Dumping data for table `branch_despatch`
--

INSERT INTO `branch_despatch` (`id`, `branch_unload_id`, `bilty_no`, `booking_code`, `content_id`, `packet_quantity`, `packet_received`, `weight`, `create_user`) VALUES
(20210403113521, 20210403113400, 105112, '009', 20210403113441, 25, 0, 1020.00, 'ajr'),
(20210403113559, 20210403113400, 30488, '007', 20210401122349, 1, 0, 50.00, 'ajr'),
(20210403113633, 20210403113400, 39818, '011', 20210327160131, 11, 0, 220.00, 'ajr'),
(20210403113817, 20210403113400, 39646, '17', 20210403113710, 25, 0, 750.00, 'ajr'),
(20210418091049, 20210418090947, 3288, '11', 20210403113441, 3, 0, 180.00, 'ajr'),
(20210418091215, 20210418090947, 4702, '17', 20210418091129, 8, 0, 300.00, 'ajr'),
(20210418091318, 20210418090947, 1266, '45', 20210302123131, 3, 0, 110.00, 'ajr'),
(20210418091415, 20210418090947, 1267, '45', 20210302123131, 4, 0, 160.00, 'ajr'),
(20210418091457, 20210418090947, 1268, '45', 20210302123131, 1, 0, 40.00, 'ajr'),
(20210418091603, 20210418090947, 1269, '45', 20210302123131, 3, 0, 120.00, 'ajr'),
(20210418091712, 20210418090947, 1270, '45', 20210302123131, 3, 0, 120.00, 'ajr'),
(20210418091744, 20210418090947, 1271, '45', 20210302123131, 2, 0, 80.00, 'ajr'),
(20210418091826, 20210418090947, 1272, '45', 20210302123131, 1, 0, 40.00, 'ajr'),
(20210418091851, 20210418090947, 1274, '45', 20210302123131, 1, 0, 40.00, 'ajr'),
(20210418091958, 20210418090947, 41023, '11', 20210418091929, 3, 0, 240.00, 'ajr'),
(20210418092054, 20210418090947, 35455, '14', 20210401122349, 2, 0, 140.00, 'ajr'),
(20210421094139, 20210421094006, 24232, '10', 20210403113441, 20, 0, 790.00, 'ajr'),
(20210421094216, 20210421094006, 35467, '14', 20210401122349, 1, 0, 70.00, 'ajr'),
(20210421094254, 20210421094006, 42352, '41', 20210327160131, 6, 0, 300.00, 'ajr'),
(20210421094404, 20210421094006, 2979, '13', 20210421094329, 4, 0, 240.00, 'ajr'),
(20210425082947, 20210425082833, 24235, '10', 20210425082859, 9, 0, 450.00, 'ajr'),
(20210425083029, 20210425082833, 37981, '25', 20210302122606, 40, 0, 1100.00, 'ajr'),
(20210425083115, 20210425082833, 42202, '25', 20210401122349, 5, 0, 220.00, 'ajr'),
(20210425083151, 20210425082833, 4811, '25', 20210425082909, 2, 0, 120.00, 'ajr'),
(20210425083214, 20210425082833, 4396, '24', 20210306172508, 1, 0, 100.00, 'ajr'),
(20210425083238, 20210425082833, 4452, '24', 20210306172508, 1, 0, 100.00, 'ajr'),
(20210426064952, 20210426064800, 42362, '41', 20210426064919, 9, 0, 360.00, 'ajr'),
(20210426065035, 20210426064800, 35474, '14', 20210401122349, 4, 0, 280.00, 'ajr'),
(20210426065111, 20210426064800, 4397, '24', 20210306172508, 1, 0, 100.00, 'ajr');

-- --------------------------------------------------------

--
-- Table structure for table `branch_unload_shipment`
--

DROP TABLE IF EXISTS `branch_unload_shipment`;
CREATE TABLE IF NOT EXISTS `branch_unload_shipment` (
  `id` bigint(14) NOT NULL,
  `source_manifest_no` varchar(100) DEFAULT NULL,
  `challan_date` date NOT NULL,
  `manifest_no` varchar(50) NOT NULL,
  `lorry_no` varchar(50) NOT NULL,
  `despatch_from` varchar(200) NOT NULL,
  `despatch_to` varchar(200) NOT NULL,
  `create_user` varchar(30) NOT NULL,
  PRIMARY KEY (`id`),
  UNIQUE KEY `manifest_no` (`manifest_no`)
) ENGINE=InnoDB DEFAULT CHARSET=utf8;

--
-- Dumping data for table `branch_unload_shipment`
--

INSERT INTO `branch_unload_shipment` (`id`, `source_manifest_no`, `challan_date`, `manifest_no`, `lorry_no`, `despatch_from`, `despatch_to`, `create_user`) VALUES
(20210403113400, '', '2021-04-03', 'SPL1', 'BR11GD-4435', 'SUPAUL', 'SHARSHA', 'ajr'),
(20210418090947, '', '2021-04-18', 'SPL2', 'BR11GD-4435', 'SUPAUL', 'SHARSHA', 'ajr'),
(20210421094006, '', '2021-04-21', 'SPL3', 'BR11GD-4435', 'SUPAUL', 'SHARSHA', 'ajr'),
(20210425082833, '', '2021-04-25', 'SPL4', 'BR11GD-4435', 'SUOAUL', 'SHARSHA', 'ajr'),
(20210426064800, '', '2021-04-26', 'SPL5', 'BR11GD-4435', 'SUPAUL', 'SHARSHA', 'ajr');

-- --------------------------------------------------------

--
-- Table structure for table `ddr_generation_gp`
--

DROP TABLE IF EXISTS `ddr_generation_gp`;
CREATE TABLE IF NOT EXISTS `ddr_generation_gp` (
  `id` bigint(14) NOT NULL,
  `gen_month` date NOT NULL,
  `start_no` bigint(38) NOT NULL,
  `end_no` bigint(38) NOT NULL,
  PRIMARY KEY (`id`)
) ENGINE=InnoDB DEFAULT CHARSET=utf8;

--
-- Dumping data for table `ddr_generation_gp`
--

INSERT INTO `ddr_generation_gp` (`id`, `gen_month`, `start_no`, `end_no`) VALUES
(20210626211443, '2021-03-01', 1, 3),
(20210627111509, '2021-05-01', 1, 1);

-- --------------------------------------------------------

--
-- Table structure for table `ddr_generation_pb`
--

DROP TABLE IF EXISTS `ddr_generation_pb`;
CREATE TABLE IF NOT EXISTS `ddr_generation_pb` (
  `id` bigint(14) NOT NULL,
  `gen_month` date NOT NULL,
  `start_no` bigint(38) NOT NULL,
  `end_no` bigint(38) NOT NULL
) ENGINE=MyISAM DEFAULT CHARSET=utf8;

-- --------------------------------------------------------

--
-- Table structure for table `despatch`
--

DROP TABLE IF EXISTS `despatch`;
CREATE TABLE IF NOT EXISTS `despatch` (
  `id` bigint(14) NOT NULL,
  `unload_id` bigint(14) NOT NULL,
  `booking_code` varchar(50) NOT NULL,
  `booking_date` date NOT NULL,
  `bilty_no` bigint(10) NOT NULL,
  `content_id` bigint(14) NOT NULL,
  `private_mark_id` bigint(14) NOT NULL,
  `packet_quantity` int(10) NOT NULL,
  `packet_received` int(10) NOT NULL,
  `weight` double(10,2) NOT NULL,
  `payment_status` varchar(1) NOT NULL,
  `pay_cod_amt` double(14,2) NOT NULL,
  `destination` varchar(50) NOT NULL,
  `consigner_name` varchar(200) DEFAULT NULL,
  `consigner_gst` varchar(100) DEFAULT NULL,
  `create_user` varchar(30) NOT NULL,
  PRIMARY KEY (`id`)
) ENGINE=InnoDB DEFAULT CHARSET=utf8;

--
-- Dumping data for table `despatch`
--

INSERT INTO `despatch` (`id`, `unload_id`, `booking_code`, `booking_date`, `bilty_no`, `content_id`, `private_mark_id`, `packet_quantity`, `packet_received`, `weight`, `payment_status`, `pay_cod_amt`, `destination`, `consigner_name`, `consigner_gst`, `create_user`) VALUES
(20210302123403, 20210302122459, '25', '2021-02-24', 95094, 20210302122606, 20210302122734, 15, 0, 650.00, 'C', 4325.00, 'SPL', 'SHREE BALA G INDUSTRY', '07AATPH1944B1ZU', 'ajr'),
(20210302124232, 20210302122459, '25', '2021-02-24', 95091, 20210302122606, 20210302123021, 26, 0, 960.00, 'C', 6340.00, 'SPL', 'INDIA SALES', '07DRCPS1549L1ZC', 'ajr'),
(20210302124643, 20210302122459, '25', '2021-02-22', 95085, 20210302122606, 20210302124433, 12, 0, 310.00, 'C', 2115.00, 'SPL', 'AMIT CABLE', '07CAPA8525F1Z4', 'ajr'),
(20210302124910, 20210302122459, '45', '2021-02-22', 93914, 20210302123131, 20210302122907, 4, 0, 160.00, 'C', 2560.00, 'SPL', 'KASHMIR BOOT HOUSE', '09ADIPJ1402C1Z6', 'ajr'),
(20210306173506, 20210306172304, '24', '2021-03-02', 100747, 20210306172508, 20210306172916, 2, 0, 200.00, 'C', 2400.00, 'S P L', 'N K TREDING', '07ABZPN2605G1ZE', 'ajr'),
(20210306173747, 20210306172304, '24', '2021-02-28', 100702, 20210306172508, 20210306173043, 1, 0, 100.00, 'C', 1000.00, 'S P L', 'JAI BHAWANI', '07AAPFJ0209D1ZP', 'ajr'),
(20210306174040, 20210306172304, '24', '2021-02-27', 100664, 20210306172508, 20210306173043, 1, 0, 100.00, 'C', 1000.00, 'S P L', 'JAI BHAWANI', '07AAPFJ0209D1ZP', 'ajr'),
(20210306174454, 20210306172304, '45', '2021-02-22', 93917, 20210302123131, 20210302122907, 2, 0, 80.00, 'C', 1280.00, 'S P L', 'KASHMIR BOOD HOUSE', '09AIPJ1402C1Z6', 'ajr'),
(20210306174735, 20210306172304, '24', '2021-02-25', 100506, 20210306172508, 20210306173218, 1, 0, 100.00, 'C', 1200.00, 'S P L', 'RAJ TREDING CO.', '07BROPS0038Q1Z2', 'ajr'),
(20210314125307, 20210314124447, '45', '2021-03-05', 93943, 20210302123131, 20210302122907, 4, 0, 160.00, 'C', 2560.00, '140', 'KASMIR BOOT HOUSE', '09ADIPJ1402C1Z6', 'ajr'),
(20210314125531, 20210314124447, '10', '2021-03-03', 97561, 20210302123131, 20210302122907, 11, 0, 330.00, 'C', 2300.00, '140', 'BHRAMRI ENTERPRISES', '07BFQPK6332H2Z6', 'ajr'),
(20210314125721, 20210314124447, '25', '2021-03-03', 96738, 20210302122606, 20210302123021, 17, 0, 520.00, 'C', 3480.00, '140', 'INDIA SALES', '07DRCPS1549L1ZC', 'ajr'),
(20210314125847, 20210314124447, '24', '2021-03-03', 100618, 20210306172508, 20210306172916, 1, 0, 100.00, 'C', 1200.00, '140', 'N K TREADING', '07ABZPP2605G1ZE', 'ajr'),
(20210314130119, 20210314124447, '24', '2021-03-05', 100277, 20210306172508, 20210314130008, 1, 0, 100.00, 'C', 1200.00, '140', 'ROUNAK TREADING', '07FYZPS2567E1ZK', 'gic'),
(20210314130228, 20210314124447, '24', '2021-03-04', 100578, 20210306172508, 20210314130008, 2, 0, 200.00, 'C', 2400.00, '140', 'ROUNAK TREADING', '07FYZPS2567E1ZK', 'gic'),
(20210314130344, 20210314124447, '24', '2021-03-06', 100281, 20210306172508, 20210306172916, 1, 0, 100.00, 'C', 1200.00, '140', 'ROUNAK TREADING', '07FYZPS2567E1ZK', 'gic'),
(20210314130556, 20210314124447, '08', '2021-03-06', 99094, 20210302123131, 20210302122907, 31, 0, 930.00, 'C', 7230.00, '140', 'GLORY FOOTWEAR DELHI', '07AAACG4512A1ZD', 'gic'),
(20210314130730, 20210314124447, '24', '2021-03-03', 100617, 20210306172508, 20210306172916, 1, 0, 100.00, 'C', 1200.00, '140', 'N K TREADING', '07ABZPD2605G1ZE', 'gic'),
(20210314131107, 20210314124447, '08', '2021-03-03', 100026, 20210314130929, 20210314130846, 8, 0, 0.00, 'C', 4100.00, '140', 'JAI MAA AMBHEY TREADERS', '07BDKPK1275K1ZA', 'ajr'),
(20210314131339, 20210314124447, '24', '2021-03-03', 100627, 20210314131125, 20210314130008, 1, 0, 100.00, 'C', 1200.00, '140', 'J S MONNEVINS', '07CEFPM4537R1ZT', 'gic'),
(20210314131808, 20210314124447, '37', '2021-03-03', 96363, 20210314131442, 20210314131613, 2, 0, 50.00, 'C', 480.00, '140', 'SRI TIRUPATI BALAJII INTERNATIONAL', '03AELPG5827N1Z8', 'gic'),
(20210320115043, 20210320114559, '11', '2021-03-10', 102747, 20210320114725, 20210314130846, 3, 0, 180.00, 'C', 2200.00, '140', 'JAI MAA AMBEY TRADERS', '07BDKPK1275K1ZA', 'ajr'),
(20210320115306, 20210320114559, '08', '2021-03-07', 100052, 20210302123131, 20210302122907, 23, 0, 1690.00, 'C', 8390.00, '140', 'S S FOOTCARE PVT .LTD', '06AAKCS2147K1ZS', 'ajr'),
(20210320115438, 20210320114559, '11', '2021-03-08', 102480, 20210314130929, 20210314130846, 2, 0, 120.00, 'C', 1300.00, '140', 'JAI MAA AMBEY TRADERS', '07BDKPK1275K1ZA', 'ajr'),
(20210320115658, 20210320114559, '24', '2021-03-16', 102124, 20210306172508, 20210306173043, 1, 0, 100.00, 'C', 1500.00, '140', 'JAI BHAWANI TREADING', '07AAPFJ0709D1ZP', 'ajr'),
(20210320115844, 20210320114559, '24', '2021-03-11', 101015, 20210306172508, 20210306173043, 1, 0, 100.00, 'C', 1200.00, '140', 'ROUNAK TREADING', '07FYZPS9567E1ZK', 'ajr'),
(20210320115958, 20210320114559, '24', '2021-03-11', 101036, 20210306172508, 20210306172916, 1, 0, 100.00, 'C', 1200.00, '140', 'N K TREADERS', '07ABZPM1500P1ZE', 'ajr'),
(20210320120212, 20210320114559, '10', '2021-03-09', 97357, 20210302123131, 20210302122907, 6, 0, 180.00, 'C', 1300.00, '140', 'MS. RIDHI ENTERPRAISES', '07BTQ1Z7576P1ZL', 'ajr'),
(20210320120359, 20210320114559, '10', '2021-03-06', 97589, 20210302123131, 20210302122907, 10, 0, 300.00, 'C', 2100.00, '140', 'MS. MONU FOOTWEAR', '07ABPFM8142NZO', 'ajr'),
(20210320120651, 20210320114559, '10', '2021-03-11', 97369, 20210302123131, 20210302122907, 8, 0, 240.00, 'C', 1700.00, '140', 'MS RIDHI ENTERPRISES', '07BTQPG7576P1ZL', 'ajr'),
(20210320120835, 20210320114559, '10', '2021-03-07', 97351, 20210302123131, 20210302122907, 14, 0, 920.00, 'C', 2900.00, '140', 'MS  RIDHI ENTERPRISES', '07BTQPG7576P1ZL', 'ajr'),
(20210320121315, 20210320114559, '10', '2021-03-08', 97353, 20210302123131, 20210302122907, 13, 0, 825.00, 'C', 4000.00, '140', 'M/S NIRMALFOOTSTEPS', '07AAMFN2904Q1ZR', 'ajr'),
(20210321131652, 20210321131355, '24', '2021-03-16', 101087, 20210306172508, 20210306173043, 1, 0, 100.00, 'C', 1200.00, '140', 'JAI BHAWANI TREADING', '07AAPFJ0209D1ZP', 'ajr'),
(20210321131838, 20210321131355, '10', '2021-03-15', 97398, 20210302123131, 20210302122907, 6, 0, 180.00, 'C', 1300.00, '140', 'MS. MANU FOOTWHEAR', '07ABFM8142F1ZO', 'ajr'),
(20210321132204, 20210321131355, '10', '2021-03-16', 91358, 20210302123131, 20210302122907, 9, 0, 270.00, 'C', 1900.00, '140', 'MS. BHRAMRI ENTERPRISES', '07AAHPB7994F1ZI', 'ajr'),
(20210323122212, 20210323121927, '25', '2021-03-17', 101915, 20210302122606, 20210302123021, 21, 0, 710.00, 'C', 4005.00, '140', 'INDIA SALES', 'N/A', 'ajr'),
(20210323122510, 20210323121927, '24', '2021-03-17', 100940, 20210306172508, 20210323122347, 1, 0, 100.00, 'C', 1200.00, '140', 'SHREE COMMERCIAL', '07ADRFS6889B1ZE', 'ajr'),
(20210323122614, 20210323121927, '24', '2021-03-18', 103504, 20210306172508, 20210323122347, 1, 0, 100.00, 'C', 1200.00, '140', 'SHREE COMMERCIAL', 'N/A', 'ajr'),
(20210323122715, 20210323121927, '24', '2021-03-17', 100945, 20210306172508, 20210323122347, 1, 0, 100.00, 'C', 1200.00, '140', 'SHREE COMMERCIAL', 'N/A', 'ajr'),
(20210323122950, 20210323121927, '24', '2021-03-17', 100944, 20210306172508, 20210323122846, 1, 0, 100.00, 'C', 1200.00, '140', 'JAI BHAWANI TREADING', '07AAPFJ0209D1ZP', 'ajr'),
(20210323123101, 20210323121927, '24', '2021-03-18', 101658, 20210306172508, 20210323122347, 1, 0, 100.00, 'C', 1200.00, '140', 'SHREE COMMERCIAL', 'KHUSHEE COLLECTION', 'ajr'),
(20210323123208, 20210323121927, '24', '2021-03-18', 101655, 20210306172508, 20210323122347, 1, 0, 100.00, 'C', 1200.00, '140', 'SHREE COMMERCIAL', 'N/A', 'ajr'),
(20210323123308, 20210323121927, '24', '2021-03-18', 101654, 20210306172508, 20210323122347, 1, 0, 100.00, 'C', 1200.00, '140', 'SHREE COMMERCIAL', 'N/A', 'ajr'),
(20210323123542, 20210323121927, '24', '2021-03-18', 103523, 20210306172508, 20210323123423, 1, 0, 100.00, 'C', 1200.00, '140', 'KESAR WESTERN OUTFIT', '07AVTPS2096J1ZQ', 'ajr'),
(20210327160033, 20210327155417, '24', '2021-03-20', 103561, 20210306172508, 20210327155756, 2, 0, 200.00, 'C', 2400.00, '140', 'SHILPA CREATION', '07AAZFS1974D1Z3', 'ajr'),
(20210327160637, 20210327155417, '17', '2021-03-19', 101196, 20210327160131, 20210327160327, 10, 0, 450.00, 'C', 6100.00, '140', 'KHUSHI ELECTRICAL', '07ADKQPP8811K1ZE', 'ajr'),
(20210327160846, 20210327155417, '17', '2021-03-18', 101168, 20210327160131, 20210327160327, 10, 0, 450.00, 'C', 6100.00, '140', 'N/A', 'N/A', 'ajr'),
(20210327161309, 20210327155417, '16', '2021-03-20', 102204, 20210327161217, 20210327161239, 3, 0, 180.00, 'C', 1360.00, '140', 'N/A', 'N/A', 'ajr'),
(20210327161751, 20210327155417, '24', '2021-03-19', 103529, 20210306172508, 20210323122347, 1, 0, 100.00, 'C', 1200.00, '140', 'N/A', 'N/A', 'ajr'),
(20210327161853, 20210327155417, '24', '2021-03-19', 103539, 20210306172508, 20210323122347, 1, 0, 100.00, 'C', 1200.00, '140', 'N/A', 'N/A', 'ajr'),
(20210327161957, 20210327155417, '24', '2021-03-20', 103559, 20210306172508, 20210323122347, 1, 0, 100.00, 'C', 1200.00, '140', 'N/A', 'N/A', 'ajr'),
(20210327162105, 20210327155417, '24', '2021-03-20', 103574, 20210306172508, 20210323122347, 1, 0, 100.00, 'C', 1200.00, '140', 'N/A', 'N/A', 'ajr'),
(20210327162217, 20210327155417, '24', '2021-03-20', 103575, 20210306172508, 20210323122347, 1, 0, 100.00, 'C', 1200.00, '140', 'N/A', 'N/A', 'ajr'),
(20210401122515, 20210401122054, '11', '2021-04-25', 103455, 20210401122349, 20210302124433, 3, 0, 200.00, 'C', 1300.00, '140', 'AMIT ELECTRIC', '07AAAFA7853K1ZA', 'ajr'),
(20210401122751, 20210401122054, '11', '2021-04-25', 103456, 20210401122349, 20210401122655, 7, 0, 450.00, 'C', 2800.00, '140', 'AJANTA ELECTRIC', '07ACKPJ3540J1ZA', 'ajr'),
(20210401122935, 20210401122054, '25', '2021-04-25', 101959, 20210302122606, 20210302123021, 18, 0, 790.00, 'C', 4435.00, '140', 'SHREE BALA G INDUSTRIES', '07AATPH1944B1ZU', 'ajr'),
(20210403123024, 20210403122707, '41', '2021-03-31', 104804, 20210403122903, 20210403122951, 2, 0, 500.00, 'P', 10000.00, '140', 'N/A', 'N/A', 'ajr'),
(20210403123213, 20210403122707, '10', '2021-03-23', 91396, 20210302123131, 20210302122907, 10, 0, 300.00, 'C', 2100.00, '140', 'R.S FOOTWEAR', '07AKTPK5050H1ZX', 'ajr'),
(20210403123345, 20210403122707, '11', '2021-03-26', 103483, 20210401122349, 20210401122655, 2, 0, 100.00, 'C', 800.00, '140', 'AJANTA ELECTRIC', '07ALPKJ3540J1ZA', 'ajr'),
(20210403125040, 20210403122707, '25', '2021-03-26', 101976, 20210302122606, 20210302123021, 17, 0, 650.00, 'C', 3675.00, '140', 'INDIA SALES', '07DRCPS1549L1ZC', 'ajr'),
(20210403125158, 20210403122707, '25', '2021-03-27', 101987, 20210302122606, 20210302123021, 22, 0, 710.00, 'C', 4005.00, '140', 'INDIA SALES', '07DRCPS1549L1ZC', 'ajr'),
(20210403125252, 20210403122707, '25', '2021-04-28', 101990, 20210302122606, 20210302123021, 22, 0, 670.00, 'C', 4120.00, '140', 'INDIA SALES', '07DRCPS1549L1ZC', 'ajr'),
(20210410111941, 20210410105906, '45', '2021-03-24', 100802, 20210302123131, 20210410111430, 2, 0, 80.00, 'C', 1300.00, 'SPL', 'MANPASND FOOTWER', '09AUSPS5032NJZT', 'ajr'),
(20210410112210, 20210410105906, '45', '2021-03-27', 100806, 20210302123131, 20210410111430, 1, 0, 40.00, 'C', 650.00, 'SPL', 'MANPASND FOOTWER', '09ASUPS5032NJZT', 'ajr'),
(20210410112517, 20210410105906, '24', '2021-04-02', 4033, 20210306172508, 20210323122846, 1, 0, 100.00, 'C', 1200.00, 'SPL', 'KHUSHI COLLECTION', '07AAPFJ0209D1ZP', 'ajr'),
(20210410113104, 20210410105906, '24', '2021-04-02', 4043, 20210306172508, 20210323122846, 1, 0, 100.00, 'C', 1200.00, 'SPL', 'KHUSHI COLLECION', '07AAPFJ0209DLZD', 'ajr'),
(20210410113522, 20210410105906, '25', '2021-04-02', 1711, 20210401122349, 20210302123021, 16, 0, 480.00, 'C', 2740.00, 'SPL', 'SUPAUL PAPER ELECTRIC', '07AAPFJ0209DLZP', 'ajr'),
(20210410114833, 20210410105906, '24', '2021-04-02', 4035, 20210306172508, 20210323122846, 1, 0, 99.99, 'C', 1200.00, 'SPL', 'KHUSHI COLLECTION', '07AAPFJ0209DIZP', 'ajr'),
(20210410120006, 20210410105906, '24', '2021-04-02', 4040, 20210306172508, 20210323122846, 1, 0, 100.00, 'C', 1200.00, 'SPL', 'KHUSHI COLLECTION', '07AAPFJ0209DIZP', 'ajr'),
(20210410121900, 20210410105906, '24', '2021-04-02', 4041, 20210306172508, 20210323122846, 1, 0, 100.00, 'C', 1200.00, 'SPL', 'KHUSHI COLLECTION', '07AAPFJ0209DIGP', 'ajr'),
(20210410122133, 20210410105906, '24', '2021-04-02', 4047, 20210306172508, 20210323122846, 1, 0, 100.00, 'C', 1200.00, 'SPL', 'KHUSHI COLLECTION', '07AAPFJ0209DIZP', 'ajr'),
(20210410122356, 20210410105906, '24', '2021-04-02', 4051, 20210306172508, 20210323122846, 1, 0, 100.00, 'C', 1200.00, 'SPL', 'KHUSHI COLLECTION', '07AAPFJ0209DIZP', 'ajr'),
(20210410123001, 20210410105906, '9', '2021-04-02', 1814, 20210401122349, 20210410122604, 27, 0, 810.00, 'C', 8100.00, 'SPL', 'SOROO WORLD', '07CSAPK0877KIZI', 'ajr'),
(20210410123215, 20210410105906, '24', '2021-04-03', 4058, 20210306172508, 20210323122846, 3, 0, 300.00, 'C', 3600.00, 'SPL', 'JAI BHAWANI', '07AAPFJ0209DIZP', 'ajr'),
(20210410123442, 20210410105906, '10', '2021-04-03', 97423, 20210302123131, 20210302122907, 11, 0, 330.00, 'C', 2300.00, 'SPL', 'SHAKTI TREDARS', '07AAHPB7994FIZI', 'ajr'),
(20210410123654, 20210410105906, '24', '2021-04-04', 4077, 20210306172508, 20210323122846, 2, 0, 200.00, 'C', 2400.00, 'SPL', 'JAI BHAWANI', '07AAPFJ0209DIZP', 'ajr'),
(20210410123832, 20210410105906, '24', '2021-04-04', 4087, 20210306172508, 20210323122846, 1, 0, 100.00, 'C', 1200.00, 'SPL', 'JAI BHAWANI', '07AAPFJ0209DIZP', 'ajr'),
(20210410124048, 20210410105906, '24', '2021-04-04', 4083, 20210306172508, 20210323122846, 1, 0, 100.00, 'C', 1200.00, 'SPL', 'JAI BHAWANI', '07AAPFJ0209DIZP', 'ajr'),
(20210411104320, 20210411104204, '24', '2021-03-24', 103668, 20210306172508, 20210323122347, 1, 0, 100.00, 'C', 1200.00, '140', 'SHREE COMMERCIAL', 'N/A', 'ajr'),
(20210411104513, 20210411104204, '16', '2021-03-24', 104054, 20210306172508, 20210323123423, 2, 0, 200.00, 'C', 2800.00, '140', 'A G APPARELS', 'N/A', 'ajr'),
(20210413153833, 20210413153721, '24', '2021-04-09', 4201, 20210306172508, 20210306173043, 2, 0, 200.00, 'C', 2400.00, '140', 'ROUNAK TREADING', 'N/A', 'ajr'),
(20210413154144, 20210413153721, '37', '2021-04-07', 1610, 20210413153926, 20210413154030, 1, 0, 150.00, 'P', 2200.00, '140', 'MADHAV INNDUSTRIES', 'N/A', 'ajr'),
(20210413154254, 20210413153721, '37', '2021-04-07', 1611, 20210413153926, 20210413154030, 1, 0, 150.00, 'P', 2200.00, '140', 'MADHAV INDUSTRIES', 'N/A', 'ajr'),
(20210413154351, 20210413153721, '24', '2021-04-09', 4191, 20210306172508, 20210306173043, 1, 0, 100.00, 'C', 1200.00, '140', 'RAUNAK TREADING', 'N/A', 'ajr'),
(20210413154438, 20210413153721, '24', '2021-04-09', 4192, 20210306172508, 20210306173043, 1, 0, 100.00, 'C', 1200.00, '140', 'RAUNAK TREADING', 'N/A', 'ajr'),
(20210413154539, 20210413153721, '16', '2021-04-08', 3730, 20210306172508, 20210323122846, 1, 0, 130.00, 'C', 1400.00, '140', 'A G APPARELS', 'N/A', 'ajr'),
(20210413154642, 20210413153721, '16', '2021-04-07', 3713, 20210306172508, 20210323122846, 1, 0, 130.00, 'C', 1400.00, '140', 'ROHTAGI COLLECTION', 'N/A', 'ajr'),
(20210413154746, 20210413153721, '24', '2021-04-07', 4147, 20210306172508, 20210323122846, 1, 0, 100.00, 'C', 1200.00, '140', 'JAI BHWANI TREADING', 'N/A', 'ajr'),
(20210414102000, 20210414101633, '37', '2021-04-02', 1605, 20210314131442, 20210314131613, 2, 0, 100.00, 'C', 830.00, '140', 'SRI TIRUPATI BALA G', '03AELPA5827N1Z8', 'ajr'),
(20210414102106, 20210414101633, '24', '2021-04-06', 4120, 20210306172508, 20210323122347, 1, 0, 100.00, 'C', 1200.00, '140', 'SHREE COMMERCIAL', 'N/A', 'ajr'),
(20210414102238, 20210414101633, '11', '2021-04-05', 3165, 20210401122349, 20210302124433, 1, 0, 90.00, 'C', 640.00, '140', 'AMIT ELECTRICALS', '07AAAFA7853K1ZA', 'ajr'),
(20210418093703, 20210418093546, '24', '2021-04-10', 4234, 20210306172508, 20210306173043, 1, 0, 100.00, 'C', 1200.00, '140', 'ROUNAK TREADING', 'N/A', 'ajr'),
(20210418093810, 20210418093546, '24', '2021-04-11', 4251, 20210306172508, 20210306173043, 1, 0, 100.00, 'C', 1200.00, '140', 'ROUNAK TREADING', 'N/A', 'ajr'),
(20210418093913, 20210418093546, '16', '2021-04-10', 3754, 20210306172508, 20210323122846, 1, 0, 130.00, 'C', 1400.00, '140', 'JAI BHWANI TREADING', 'N/A', 'ajr'),
(20210418094002, 20210418093546, '24', '2021-04-10', 4244, 20210306172508, 20210323122846, 1, 0, 100.00, 'C', 1200.00, '140', 'JAI BHWANI TREADING', 'N/A', 'ajr'),
(20210421100602, 20210421094634, '11', '2021-04-14', 3916, 20210421100405, 20210421100504, 3, 0, 150.00, 'C', 1150.00, '140', 'JAI MAA AMBEY TREADING', '07BDKPK1275K1ZA', 'ajr'),
(20210421100704, 20210421094634, '24', '2021-04-14', 4311, 20210306172508, 20210323122347, 1, 0, 100.00, 'C', 1200.00, '140', 'SHREE COMERCIAL', 'N/A', 'ajr'),
(20210421100854, 20210421094634, '45', '2021-04-12', 1278, 20210302123131, 20210410111430, 3, 0, 120.00, 'C', 1900.00, '140', 'CHANCHAL FOOTWEAR', 'N/A', 'ajr'),
(20210421100959, 20210421094634, '08', '2021-04-13', 4574, 20210302123131, 20210302122907, 6, 0, 180.00, 'C', 1480.00, '140', 'FLORENS FOOTWEAR', 'N/A', 'ajr'),
(20210421101110, 20210421094634, '11', '2021-04-16', 3972, 20210314130929, 20210421100504, 1, 0, 60.00, 'C', 800.00, '140', 'JAI MAA AMBEY TREADING', 'N/A', 'ajr'),
(20210421101202, 20210421094634, '24', '2021-04-16', 4392, 20210306172508, 20210306173043, 1, 0, 100.00, 'C', 1200.00, '140', 'ROUNAK TREADING', 'N/A', 'ajr'),
(20210421102007, 20210421094634, '24', '2021-04-16', 4306, 20210306172508, 20210306173043, 1, 0, 100.00, 'C', 1200.00, '140', 'ROUNAK TREADING', 'N/A', 'ajr'),
(20210421102055, 20210421094634, '24', '2021-04-13', 4298, 20210306172508, 20210306173043, 1, 0, 100.00, 'C', 1200.00, '140', 'RAUNAK TRTEADING', 'N/A', 'ajr'),
(20210421102146, 20210421094634, '24', '2021-04-15', 4333, 20210306172508, 20210306173043, 1, 0, 100.00, 'C', 1200.00, '140', 'RAUNAK TREADING', 'N/A', 'ajr'),
(20210421102233, 20210421094634, '24', '2021-04-14', 4312, 20210306172508, 20210306173043, 1, 0, 100.00, 'C', 1200.00, '140', 'RAUNAK TREADING', 'N/A', 'ajr'),
(20210421102328, 20210421094634, '24`', '2021-04-15', 4331, 20210306172508, 20210306173043, 2, 0, 200.00, 'C', 2400.00, '140', 'RAUNAK TREADING', 'N/A', 'ajr'),
(20210426092629, 20210426092444, '24', '2021-04-16', 4395, 20210306172508, 20210306173043, 1, 0, 100.00, 'C', 1200.00, '140', 'K  K APPARELS', 'N/A', 'ajr'),
(20210426093854, 20210426092444, '24', '2021-04-19', 4453, 20210306172508, 20210306173043, 1, 0, 100.00, 'C', 1200.00, '140', 'RAUNAK TREADING                                                                                                                                                                                         ', 'N/A', 'ajr'),
(20210426093953, 20210426092444, '25', '2021-04-15', 1788, 20210302122606, 20210302124433, 18, 0, 510.00, 'C', 2905.00, '140', 'AMIT CABLE', 'N/A', 'ajr'),
(20210426094058, 20210426092444, '25', '2021-04-19', 1800, 20210302122606, 20210302123021, 20, 0, 880.00, 'C', 5380.00, '140', 'INDIA SALES', 'N/A', 'ajr'),
(20210426094327, 20210426092444, '24', '2021-04-19', 4469, 20210306172508, 20210426094222, 1, 0, 100.00, 'C', 1200.00, '140', 'KHUSHBOO APPARELS', 'N/A', 'ajr'),
(20210428101623, 20210428101353, '45', '2021-04-16', 1283, 20210302123131, 20210428101536, 1, 0, 40.00, 'C', 650.00, '140', 'THAKUR FOOTWEAR', 'N/A', 'ajr'),
(20210428101736, 20210428101353, '45', '2021-04-16', 1284, 20210302123131, 20210428101536, 1, 0, 40.00, 'C', 650.00, '140', 'VINNER FOOTWEAR', 'N/A', 'ajr'),
(20210428101846, 20210428101353, '45', '2021-04-16', 1285, 20210302123131, 20210428101536, 1, 0, 40.00, 'C', 650.00, '140', 'VISHAL SHOE', 'N/A', 'ajr'),
(20210428102013, 20210428101353, '45', '2021-04-16', 1286, 20210302123131, 20210410111430, 1, 0, 40.00, 'C', 650.00, '140', 'MAHRAJA SHOE', 'N/A', 'ajr'),
(20210505095440, 20210505095301, '08', '2021-04-28', 4667, 20210302123131, 20210302122907, 8, 0, 240.00, 'C', 1700.00, '140', 'F LORENS  FOOTWEAR', 'N/A', 'ajr'),
(20210505095749, 20210505095301, '37', '2021-04-24', 1623, 20210413153926, 20210505095710, 1, 0, 150.00, 'P', 2200.00, '140', 'R G COLLECTION', 'N/A', 'ajr'),
(20210505095937, 20210505095301, '37', '2021-04-22', 1620, 20210413153926, 20210505095844, 1, 0, 150.00, 'P', 2200.00, '140', 'R G COLLECTION', 'N/A', 'ajr'),
(20210505100035, 20210505095301, '37', '2021-04-22', 1619, 20210413153926, 20210505095844, 1, 0, 150.00, 'P', 2200.00, '140', 'R G COLLECTION', 'N/A', 'ajr'),
(20210513074607, 20210513074441, '08', '2021-04-30', 4669, 20210302123131, 20210302122907, 4, 0, 120.00, 'C', 900.00, '140', 'MOZZA FOOTWEAR', 'N/A', 'ajr'),
(20210513074923, 20210513074441, '010', '2021-05-01', 2707, 20210302123131, 20210302122907, 20, 0, 1000.00, 'C', 4100.00, '140', 'MS. MANU FOOTWEAR', 'N/A', 'ajr'),
(20210526104956, 20210526104059, '07', '2021-05-07', 2364, 20210401122349, 20210526104755, 5, 0, 250.00, 'C', 1850.00, '140', 'REMSON PRIME TECHNOLOGIES', '07AAICR3439B1ZK', 'ajr'),
(20210604110130, 20210604105724, '09', '2021-05-29', 5274, 20210421094329, 20210604110002, 2, 0, 100.00, 'C', 1700.00, '140', 'ATUL INDUSTRIES', '07BAVPG5411K1ZF', 'ajr'),
(20210604110257, 20210604105724, '17', '2021-05-24', 2396, 20210401122349, 20210401122655, 16, 0, 400.00, 'C', 2500.00, '140', 'ROSHAN ELECTRIC', 'N/A', 'ajr'),
(20210604110416, 20210604105724, '10', '2021-05-27', 2730, 20210302123131, 20210302122907, 10, 0, 300.00, 'C', 2100.00, '140', 'NIRMAL FOOTSTEPS', 'N/A', 'ajr'),
(20210606085626, 20210606085229, '42', '2021-05-29', 1326, 20210606085350, 20210606085510, 1, 0, 90.00, 'C', 780.00, '140', 'MUNSHI LAL SUBHAS', '09AFGPJ9271F1Z7', 'ajr'),
(20210606085742, 20210606085229, '25', '2021-05-31', 4839, 20210302122606, 20210302124433, 10, 0, 370.00, 'C', 2320.00, '140', 'SHREE BALA G INDUSTRIES', 'N/A', 'ajr');

-- --------------------------------------------------------

--
-- Table structure for table `gatepass`
--

DROP TABLE IF EXISTS `gatepass`;
CREATE TABLE IF NOT EXISTS `gatepass` (
  `gatepass_id` bigint(14) NOT NULL AUTO_INCREMENT,
  `despatch_id` bigint(14) NOT NULL,
  `way_bill_no` varchar(50) NOT NULL,
  `payment_type` varchar(2) NOT NULL,
  `cheque_no` varchar(50) NOT NULL,
  `received_amount` float(14,2) NOT NULL,
  `cgst` float(3,2) NOT NULL,
  `sgst` float(3,2) NOT NULL,
  `gatepass_date` date NOT NULL,
  `create_user` varchar(20) NOT NULL,
  PRIMARY KEY (`gatepass_id`)
) ENGINE=InnoDB AUTO_INCREMENT=105 DEFAULT CHARSET=utf8;

--
-- Dumping data for table `gatepass`
--

INSERT INTO `gatepass` (`gatepass_id`, `despatch_id`, `way_bill_no`, `payment_type`, `cheque_no`, `received_amount`, `cgst`, `sgst`, `gatepass_date`, `create_user`) VALUES
(1, 20210302123403, 'N/A', 'CA', 'N/A', 3250.00, 0.00, 0.00, '2021-03-01', 'ajr'),
(2, 20210302124643, 'N/A', 'CA', 'N/A', 1550.00, 0.00, 0.00, '2021-03-01', 'ajr'),
(3, 20210302124232, 'NA', 'CA', 'NA', 4800.00, 0.00, 0.00, '2021-03-02', 'ajr'),
(4, 20210306173506, 'N/A', 'CA', 'N/A', 2000.00, 0.00, 0.00, '2021-03-06', 'ajr'),
(5, 20210306174040, 'N/A', 'CA', 'N/A', 1000.00, 0.00, 0.00, '2021-03-06', 'ajr'),
(6, 20210306173747, 'N/A', 'CA', 'N/A', 1000.00, 0.00, 0.00, '2021-03-06', 'ajr'),
(7, 20210306174454, 'N/A', 'CA', 'N/A', 1000.00, 0.00, 0.00, '2021-03-08', 'ajr'),
(8, 20210302124910, 'N/A', 'CA', 'N/A', 2000.00, 0.00, 0.00, '2021-03-08', 'ajr'),
(9, 20210314131339, 'N/A', 'CA', 'N/A', 1000.00, 0.00, 0.00, '2021-03-14', 'ajr'),
(10, 20210314130730, 'N/A', 'CA', 'N/A', 1000.00, 0.00, 0.00, '2021-03-14', 'ajr'),
(11, 20210314130344, 'N/A', 'CA', 'N/A', 1000.00, 0.00, 0.00, '2021-03-14', 'ajr'),
(12, 20210314130228, 'N/A', 'CA', 'N/A', 2000.00, 0.00, 0.00, '2021-03-14', 'ajr'),
(13, 20210314130119, 'N/A', 'CA', 'N/A', 1000.00, 0.00, 0.00, '2021-03-14', 'ajr'),
(14, 20210314125847, 'N/A', 'CA', 'N/A', 1000.00, 0.00, 0.00, '2021-03-14', 'ajr'),
(15, 20210314125721, 'N/A', 'CA', 'N/A', 2600.00, 0.00, 0.00, '2021-03-14', 'ajr'),
(16, 20210314125531, 'N/A', 'CA', 'N/A', 1760.00, 0.00, 0.00, '2021-03-15', 'ajr'),
(17, 20210320121315, 'N/A', 'CA', 'N/A', 2080.00, 0.00, 0.00, '2021-03-14', 'ajr'),
(18, 20210314130556, 'N/A', 'CA', 'N/A', 4960.00, 0.00, 0.00, '2021-03-18', 'ajr'),
(19, 20210320120835, 'N/A', 'CA', 'N/A', 2240.00, 0.00, 0.00, '2021-03-18', 'ajr'),
(20, 20210320120651, 'N/A', 'CA', 'N/A', 1280.00, 0.00, 0.00, '2021-03-18', 'ajr'),
(21, 20210320120359, 'N/A', 'CA', 'N/A', 1600.00, 0.00, 0.00, '2021-03-18', 'ajr'),
(22, 20210314125307, 'N/A', 'CA', 'N/A', 2000.00, 0.00, 0.00, '2021-03-18', 'ajr'),
(23, 20210320115958, 'N/A', 'CA', 'N/A', 1000.00, 0.00, 0.00, '2021-03-18', 'ajr'),
(24, 20210320115844, 'N/A', 'CA', 'N/A', 1000.00, 0.00, 0.00, '2021-03-18', 'ajr'),
(25, 20210320115658, 'N/A', 'CA', 'N/A', 1000.00, 0.00, 0.00, '2021-03-18', 'ajr'),
(26, 20210320115043, 'N/A', 'CA', 'N/A', 1200.00, 0.00, 0.00, '2021-03-18', 'ajr'),
(27, 20210320115438, 'N/A', 'CA', 'N/A', 800.00, 0.00, 0.00, '2021-03-18', 'ajr'),
(28, 20210321131652, 'N/A', 'CA', 'N/A', 1000.00, 0.00, 0.00, '2021-03-20', 'ajr'),
(29, 20210321132204, 'N/A', 'CA', 'N/A', 1440.00, 0.00, 0.00, '2021-03-22', 'ajr'),
(30, 20210321131838, 'N/A', 'CA', 'N/A', 960.00, 0.00, 0.00, '2021-03-22', 'ajr'),
(31, 20210320115306, 'N/A', 'CA', 'N/A', 3680.00, 0.00, 0.00, '2021-03-22', 'ajr'),
(32, 20210306174735, 'N/A', 'CA', 'N/A', 1000.00, 0.00, 0.00, '2021-03-22', 'ajr'),
(33, 20210323122212, 'N/A', 'CA', 'N/A', 3550.00, 0.00, 0.00, '2021-03-22', 'ajr'),
(34, 20210323123308, 'N/A', 'CA', 'N/A', 1000.00, 0.00, 0.00, '2021-03-24', 'ajr'),
(35, 20210323122510, 'N/A', 'CA', 'N/A', 1000.00, 0.00, 0.00, '2021-03-24', 'ajr'),
(36, 20210323122950, 'N/A', 'CA', 'N/A', 1000.00, 0.00, 0.00, '2021-03-24', 'ajr'),
(37, 20210327160033, 'N/A', 'CA', 'N/A', 2000.00, 0.00, 0.00, '2021-03-27', 'gic'),
(38, 20210401122515, 'N/A', 'CA', 'N/A', 1000.00, 0.00, 0.00, '2021-03-31', 'gic'),
(39, 20210323123101, 'N/A', 'CA', 'N/A', 1000.00, 0.00, 0.00, '2021-03-31', 'gic'),
(40, 20210323122614, 'N/A', 'CA', 'N/A', 1000.00, 0.00, 0.00, '2021-03-31', 'gic'),
(41, 20210403125040, 'N/A', 'CA', 'N/A', 3250.00, 0.00, 0.00, '2021-03-31', 'gic'),
(42, 20210403125158, 'N/A', 'CA', 'N/A', 3550.00, 0.00, 0.00, '2021-03-31', 'gic'),
(43, 20210403125252, 'N/A', 'CA', 'N/A', 3350.00, 0.00, 0.00, '2021-03-31', 'gic'),
(44, 20210403123213, 'N/A', 'CA', 'N/A', 1600.00, 0.00, 0.00, '2021-03-31', 'gic'),
(45, 20210403123345, 'N/A', 'CA', 'N/A', 500.00, 0.00, 0.00, '2021-03-31', 'gic'),
(46, 20210401122751, 'N/A', 'CA', 'N/A', 2250.00, 0.00, 0.00, '2021-03-31', 'gic'),
(47, 20210401122935, 'N/A', 'CA', 'N/A', 3950.00, 0.00, 0.00, '2021-03-31', 'gic'),
(48, 20210327162217, 'N/A', 'CA', 'N/A', 1000.00, 0.00, 0.00, '2021-03-31', 'gic'),
(49, 20210327162105, 'N/A', 'CA', 'N/A', 1000.00, 0.00, 0.00, '2021-03-31', 'gic'),
(50, 20210327161957, 'N/A', 'CA', 'N/A', 1000.00, 0.00, 0.00, '2021-03-31', 'gic'),
(51, 20210327161853, 'N/A', 'CA', 'N/A', 1000.00, 0.00, 0.00, '2021-03-31', 'gic'),
(52, 20210327161751, 'N/A', 'CA', 'N/A', 1000.00, 0.00, 0.00, '2021-03-31', 'gic'),
(53, 20210323122715, 'N/A', 'CA', 'N/A', 1000.00, 0.00, 0.00, '2021-03-31', 'gic'),
(54, 20210323123208, 'N/A', 'CA', 'N/A', 1000.00, 0.00, 0.00, '2021-03-31', 'gic'),
(55, 20210323123542, 'N/A', 'CA', 'N/A', 1000.00, 0.00, 0.00, '2021-03-31', 'gic'),
(56, 20210314131107, 'N/A', 'CA', 'N/A', 3200.00, 0.00, 0.00, '2021-03-31', 'ajr'),
(57, 20210327161309, 'N/A', 'CA', 'N/A', 1080.00, 0.00, 0.00, '2021-03-31', 'ajr'),
(58, 20210327160846, 'N/A', 'CA', 'N/A', 5000.00, 0.00, 0.00, '2021-03-31', 'ajr'),
(59, 20210327160637, 'N/A', 'CA', 'N/A', 5000.00, 0.00, 0.00, '2021-03-31', 'ajr'),
(60, 20210314131808, 'N/A', 'CA', 'N/A', 480.00, 0.00, 0.00, '2021-03-31', 'ajr'),
(61, 20210410123654, 'N/A', 'CA', 'N/A', 2000.00, 0.00, 0.00, '2021-04-09', 'ajr'),
(62, 20210410123442, 'N/A', 'CA', 'N/A', 1760.00, 0.00, 0.00, '2021-04-09', 'ajr'),
(63, 20210410113104, 'N/A', 'CA', 'N/A', 1000.00, 0.00, 0.00, '2021-04-09', 'ajr'),
(64, 20210410123832, 'N/A', 'CA', 'N/A', 1000.00, 0.00, 0.00, '2021-04-09', 'ajr'),
(65, 20210410123215, 'N/A', 'CA', 'N/A', 3000.00, 0.00, 0.00, '2021-04-09', 'ajr'),
(66, 20210410111941, 'N/A', 'CA', 'N/A', 1000.00, 0.00, 0.00, '2021-04-09', 'ajr'),
(67, 20210410112210, 'N/A', 'CA', 'N/A', 1000.00, 0.00, 0.00, '2021-04-09', 'ajr'),
(68, 20210410123001, 'N/A', 'CA', 'N/A', 4455.00, 0.00, 0.00, '2021-04-09', 'ajr'),
(69, 20210411104513, 'N/A', 'CA', 'N/A', 2000.00, 0.00, 0.00, '2021-04-10', 'ajr'),
(70, 20210410120006, 'N/A', 'CA', 'N/A', 1000.00, 0.00, 0.00, '2021-04-13', 'ajr'),
(71, 20210410121900, 'N/A', 'CA', 'N/A', 1000.00, 0.00, 0.00, '2021-04-13', 'ajr'),
(72, 20210411104320, 'N/A', 'CA', 'N/A', 1000.00, 0.00, 0.00, '2021-04-13', 'ajr'),
(73, 20210413153833, 'N/A', 'CA', 'N/A', 2000.00, 0.00, 0.00, '2021-04-13', 'ajr'),
(74, 20210413154642, 'N/A', 'CA', 'N/A', 1000.00, 0.00, 0.00, '2021-04-14', 'ajr'),
(75, 20210413154539, 'N/A', 'CA', 'N/A', 1000.00, 0.00, 0.00, '2021-04-14', 'ajr'),
(76, 20210414102238, 'N/A', 'CA', 'N/A', 1000.00, 0.00, 0.00, '2021-04-14', 'ajr'),
(77, 20210413154746, 'N/A', 'CA', 'N/A', 1000.00, 0.00, 0.00, '2021-04-15', 'ajr'),
(78, 20210413154438, 'N/A', 'CA', 'N/A', 1000.00, 0.00, 0.00, '2021-04-17', 'ajr'),
(79, 20210413154351, 'N/A', 'CA', 'N/A', 1000.00, 0.00, 0.00, '2021-04-17', 'ajr'),
(80, 20210410122133, 'N/A', 'CA', 'N/A', 1000.00, 0.00, 0.00, '2021-04-17', 'ajr'),
(81, 20210410114833, 'N/A', 'CA', 'N/A', 1000.00, 0.00, 0.00, '2021-04-17', 'ajr'),
(82, 20210418093810, 'N/A', 'CA', 'N/A', 1000.00, 0.00, 0.00, '2021-04-18', 'ajr'),
(83, 20210418093703, 'N/A', 'CA', 'N/A', 1000.00, 0.00, 0.00, '2021-04-18', 'ajr'),
(84, 20210421100602, 'N/A', 'CA', 'N/A', 900.00, 0.00, 0.00, '2021-04-21', 'ajr'),
(85, 20210421101110, 'N/A', 'CA', 'N/A', 600.00, 0.00, 0.00, '2021-04-21', 'ajr'),
(86, 20210421101202, 'N/A', 'CA', 'N/A', 1000.00, 0.00, 0.00, '2021-04-21', 'ajr'),
(87, 20210421102007, 'N/A', 'CA', 'N/A', 1000.00, 0.00, 0.00, '2021-04-21', 'ajr'),
(88, 20210421102146, 'N/A', 'CA', 'N/A', 1000.00, 0.00, 0.00, '2021-04-21', 'ajr'),
(89, 20210421102328, 'N/A', 'CA', 'N/A', 2000.00, 0.00, 0.00, '2021-04-21', 'ajr'),
(90, 20210421100959, 'N/A', 'CA', 'N/A', 960.00, 0.00, 0.00, '2021-04-21', 'ajr'),
(91, 20210421100854, 'N/A', 'CA', 'N/A', 1800.00, 0.00, 0.00, '2021-04-21', 'ajr'),
(92, 20210410122356, 'N/A', 'CA', 'N/A', 1000.00, 0.00, 0.00, '2021-04-23', 'ajr'),
(93, 20210418094002, 'N/A', 'CA', 'N/A', 1000.00, 0.00, 0.00, '2021-04-23', 'ajr'),
(94, 20210426093953, 'N/A', 'CA', 'N/A', 2550.00, 0.00, 0.00, '2021-04-26', 'ajr'),
(95, 20210410113522, 'N/A', 'CA', 'N/A', 2400.00, 0.00, 0.00, '2021-04-29', 'ajr'),
(96, 20210421102055, 'N/A', 'CA', 'N/A', 1000.00, 0.00, 0.00, '2021-05-04', 'ajr'),
(97, 20210414102106, 'N/A', 'CA', 'N/A', 1000.00, 0.00, 0.00, '2021-05-16', 'ajr'),
(98, 20210421100704, 'N/A', 'CA', 'N/A', 1000.00, 0.00, 0.00, '2021-05-16', 'ajr'),
(99, 20210426094327, 'N/A', 'CA', 'N/A', 1000.00, 0.00, 0.00, '2021-05-18', 'ajr'),
(100, 20210513074607, 'N/A', 'CA', 'N/A', 640.00, 0.00, 0.00, '2021-05-18', 'ajr'),
(101, 20210513074923, 'N/A', 'CA', 'N/A', 3200.00, 0.00, 0.00, '2021-05-18', 'ajr'),
(102, 20210505095440, 'N/A', 'CA', 'N/A', 1280.00, 0.00, 0.00, '2021-05-18', 'ajr'),
(103, 20210426094058, 'N/A', 'CA', 'N/A', 4400.00, 0.00, 0.00, '2021-05-20', 'ajr'),
(104, 20210428102013, 'N/A', 'CA', 'N/A', 600.00, 0.00, 0.00, '2021-05-23', 'ajr');

-- --------------------------------------------------------

--
-- Table structure for table `mas_contents`
--

DROP TABLE IF EXISTS `mas_contents`;
CREATE TABLE IF NOT EXISTS `mas_contents` (
  `id` bigint(14) NOT NULL AUTO_INCREMENT,
  `contents_desc` varchar(255) NOT NULL,
  `status` int(1) NOT NULL,
  `create_user` varchar(20) NOT NULL,
  PRIMARY KEY (`id`)
) ENGINE=InnoDB AUTO_INCREMENT=20210606085351 DEFAULT CHARSET=utf8;

--
-- Dumping data for table `mas_contents`
--

INSERT INTO `mas_contents` (`id`, `contents_desc`, `status`, `create_user`) VALUES
(20210302122606, 'WIRE', 1, 'ajr'),
(20210302123131, 'FOOTWER', 1, 'ajr'),
(20210306172508, 'RM', 1, 'ajr'),
(20210314130929, 'DISPOSABLE CUP', 1, 'gic'),
(20210314131125, 'DUMMY', 1, 'gic'),
(20210314131442, 'POWER TOOLS', 1, 'gic'),
(20210320114725, 'PLASTIC BOWL', 1, 'ajr'),
(20210327160131, 'FAN', 1, 'ajr'),
(20210327161217, 'AUTO PARTS', 1, 'ajr'),
(20210401122349, 'ELECTRIC', 1, 'ajr'),
(20210403113441, 'FEBRICS', 1, 'ajr'),
(20210403113710, 'MOTORS', 1, 'ajr'),
(20210403122903, 'DOUGH MIXER', 1, 'ajr'),
(20210413153926, 'H/L GOODS', 1, 'ajr'),
(20210418091129, 'LEMINATE SHEETS', 1, 'ajr'),
(20210418091929, 'THREAD', 1, 'ajr'),
(20210421094329, 'SANITARY', 1, 'ajr'),
(20210421100405, 'PLASTIC SPOON', 1, 'ajr'),
(20210425082859, 'LPG STOVE', 1, 'ajr'),
(20210425082909, 'TAPE', 1, 'ajr'),
(20210426064919, 'HORN GOODS', 1, 'ajr'),
(20210606085350, 'SS WARE', 1, 'ajr');

-- --------------------------------------------------------

--
-- Table structure for table `mas_private_mark`
--

DROP TABLE IF EXISTS `mas_private_mark`;
CREATE TABLE IF NOT EXISTS `mas_private_mark` (
  `id` bigint(14) NOT NULL,
  `private_mark` varchar(200) NOT NULL,
  `party_name` varchar(255) NOT NULL,
  `gstin_aadhar` varchar(100) NOT NULL,
  `status` int(1) NOT NULL,
  `create_user` varchar(20) NOT NULL,
  PRIMARY KEY (`id`),
  UNIQUE KEY `private_mark` (`private_mark`)
) ENGINE=InnoDB DEFAULT CHARSET=utf8;

--
-- Dumping data for table `mas_private_mark`
--

INSERT INTO `mas_private_mark` (`id`, `private_mark`, `party_name`, `gstin_aadhar`, `status`, `create_user`) VALUES
(20210302122734, 'SHYAM', 'SUPAUL PAPER & ELECTRONICS', '10ALPPK8370D1Z7', 1, 'ajr'),
(20210302122907, 'FANCY', 'FANCY SHOE CENTER', '10ADGPA7938Q1ZC', 1, 'ajr'),
(20210302123021, 'SB', 'SUPAUL PAPER & ELECTRONICS', '10ALPPK8370D1Z7', 1, 'ajr'),
(20210302124433, 'R K', 'SHREE BALA G ELECTRONICS', '10ATEPJ2494C1Z8', 1, 'ajr'),
(20210306172916, 'SAVITRI', 'SAVITRI SHOPE', '10CVVPM1500P1ZE', 1, 'ajr'),
(20210306173043, 'PARIDHAN', 'PARIDHAN RM', '10BJCPG7416A1Z4', 1, 'ajr'),
(20210306173218, 'CHAHAT', 'CHAHAT', '10AHTPJ6076F1ZA', 1, 'ajr'),
(20210314130008, 'KUMAR TEXTAIL', 'KUMAR TEXTAIL', '10COXPD3499F1ZQ', 1, 'gic'),
(20210314130846, 'RAJEEV', 'RAJEEV GENERAL STORE', '10EJTPK1680N1ZR', 1, 'gic'),
(20210314131613, 'D.TPT', 'D.TIWARI POWER TOOLS', '10BBRPT5224N1Z8', 1, 'gic'),
(20210323122347, 'VATIKA', 'VATIKA', '10AC1PJ5341H1Z1', 1, 'ajr'),
(20210323122846, 'KHUSHEE COLLECTION', 'KHUSHEE COLLECTION', '10DBDPK8494K1ZD', 1, 'ajr'),
(20210323123423, 'SEEMA DRESSES', 'SEEMA DRESSES', '10AJTPK8313L1ZZ', 1, 'ajr'),
(20210327155756, 'SHAGUN', 'SHAGUN D/S', '19AVLPJ0946J1ZX', 1, 'ajr'),
(20210327160327, 'K P', 'SUDAMA ELECTRONIC', '10CNBPK7667K1ZU', 1, 'ajr'),
(20210327161239, 'LAP', 'L A P', 'N/A', 1, 'ajr'),
(20210401122655, 'S K', 'SUPAUL PAPER & ELECTRIC HOUSE', '10ALPPK8370D1Z7', 1, 'ajr'),
(20210403122951, 'ASHA DEVI', 'ASHA DEVI', 'N/A', 1, 'ajr'),
(20210410111430, 'MANPASND FOOTWER', 'MANPASND', '10BNVPA6480QJZI', 1, 'ajr'),
(20210410122604, 'AVI', 'AVI TREDRS', '10AIRPK2535PIZZ', 1, 'ajr'),
(20210413154030, 'RAJ H/L', 'RAJ H/L', '10AHFPG0169G1Z2', 1, 'ajr'),
(20210421100504, 'R G S', 'RAJEEV GENERAL STORE', '10EJTPK1680N1ZR', 1, 'ajr'),
(20210426094222, 'MANGLAM D/S', 'MANGLAM D/S', '10AAYPJ3516G1ZU', 1, 'ajr'),
(20210428101536, 'MD. SARFRAJ', 'MD.SARFRAJ', '752830188886', 1, 'ajr'),
(20210505095710, 'KOMAL VASTRALAY', 'KOMAL VASTRALAY', '10AKMPS8158B1Z6', 1, 'ajr'),
(20210505095844, 'NEHA H/L', 'NEHA H/L', '10BAJPS8766H1ZB', 1, 'ajr'),
(20210526104755, 'AD', 'ADITYA ENTERRPRISES', '10BEOPA8834F2ZQ', 1, 'ajr'),
(20210604110002, 'S R T', 'SHREE RAM TRADERS', '10ACJPA7122J1ZS', 1, 'ajr'),
(20210606085510, 'D K', 'DINESH BARTAN BHANDAR', '10ADMPG8147M1ZD', 1, 'ajr');

-- --------------------------------------------------------

--
-- Table structure for table `unload_shipment`
--

DROP TABLE IF EXISTS `unload_shipment`;
CREATE TABLE IF NOT EXISTS `unload_shipment` (
  `id` bigint(15) NOT NULL,
  `manifest_no` varchar(10) NOT NULL,
  `manifest_date` date NOT NULL,
  `unload_date` date NOT NULL,
  `despatch_from` varchar(100) NOT NULL,
  `despatch_to` varchar(100) NOT NULL,
  `lorry_no` varchar(100) NOT NULL,
  `driver_code` varchar(10) NOT NULL,
  `create_user` varchar(10) NOT NULL,
  PRIMARY KEY (`id`)
) ENGINE=InnoDB DEFAULT CHARSET=utf8;

--
-- Dumping data for table `unload_shipment`
--

INSERT INTO `unload_shipment` (`id`, `manifest_no`, `manifest_date`, `unload_date`, `despatch_from`, `despatch_to`, `lorry_no`, `driver_code`, `create_user`) VALUES
(20210302122459, 'SHS-1397', '2021-03-01', '2021-03-01', 'SHARSHA', 'SUPAUL', 'BR11GD-4435', 'SPL', 'ajr'),
(20210306172304, '1399', '2021-03-06', '2021-03-06', 'S H S', 'S P L', 'BR11GD 4435', 'S P L', 'ajr'),
(20210314124447, 'B1246', '2021-03-09', '2021-03-14', 'UP BORDER', 'SUPAUL', 'UP-15DT-4451', '140', 'ajr'),
(20210320114559, 'B1266', '2021-03-13', '2021-03-18', 'UP BORDER', 'SUPAUL', 'UP21BN-6108', '140', 'ajr'),
(20210321131355, 'SHS-503', '2021-03-20', '2021-03-20', 'SHARSHA', 'SUPAUL', 'BR11GD-4435', '140', 'ajr'),
(20210323121927, 'SHS-504', '2021-03-22', '2021-03-22', 'SHARSHA', 'SUPAUL', 'BR11GD-4435', 'SPL', 'ajr'),
(20210327155417, 'B1319', '2021-03-23', '2021-03-27', 'UP BORDER', 'SUPAUL', 'UP15DT-4451', '140', 'ajr'),
(20210401122054, 'SHS-506', '2021-03-31', '2021-03-31', 'SHARSHA', 'SUPAUL', 'BR11GD-4435', '140', 'ajr'),
(20210403122707, 'B-1355', '2021-03-31', '2021-04-03', 'UP BORDER', 'SUPAUL', 'UP21CN-1313', '140', 'ajr'),
(20210410105906, 'B16', '2021-04-05', '2021-04-09', 'UP BORDER', 'SPL', 'UP 15DT 4451', 'SPL', 'ajr'),
(20210411104204, '507', '2021-04-10', '2021-04-10', 'SHARSHA', 'SUPAUL', 'BR11GD-4435', '140', 'ajr'),
(20210413153721, 'B46', '2021-04-10', '2021-04-13', 'UP BORDER', 'SUPAUL', 'UP15ET-5131', '140', 'ajr'),
(20210414101633, 'SHS-508', '2021-04-13', '2021-04-13', 'SHARSHA', 'SUPAUL', 'BR11GD-4435', '140', 'ajr'),
(20210418093546, 'B58', '2021-04-13', '2021-04-18', 'UP BORDER', 'SUPAUL', 'UP13ET-9378', '140', 'ajr'),
(20210421094634, 'B87', '2021-04-18', '2021-04-21', 'UP BORDER', 'SUPAUL', 'UP21CN-9919', '140', 'ajr'),
(20210426092444, 'B113', '2021-04-21', '2021-04-26', 'UP BORDER', 'SUPAUL', 'BR28GA-0795', '140', 'ajr'),
(20210428101353, '509', '2021-04-27', '2021-04-27', 'SHARSHA', 'SUPAUL', 'BR11GD-4435', '140', 'ajr'),
(20210505095301, '510', '2021-05-04', '2021-05-04', 'SHARSHA', 'SUPAUL', 'BR11GD-44352', 'SPL', 'ajr'),
(20210513074441, 'BP140', '2021-05-08', '2021-05-11', 'UP BORDER', 'SUPAUL', 'UP15ET-5131', '140', 'ajr'),
(20210526104059, '511', '2021-05-20', '2021-05-20', 'SHARSHA', 'SUPAUL', 'BR11GD-4435', '140', 'ajr'),
(20210604105724, '512', '2021-06-03', '2021-06-03', 'SHARSHA', 'SUPAUL', 'BR11GD-4435', '140', 'ajr'),
(20210606085229, '513', '2021-06-05', '2021-06-05', 'SHARSHA', 'SUPAUL', 'BR11GC-7199', '140', 'ajr');
COMMIT;

/*!40101 SET CHARACTER_SET_CLIENT=@OLD_CHARACTER_SET_CLIENT */;
/*!40101 SET CHARACTER_SET_RESULTS=@OLD_CHARACTER_SET_RESULTS */;
/*!40101 SET COLLATION_CONNECTION=@OLD_COLLATION_CONNECTION */;
